ชื่อโฆษณา,วัน,"ID โฆษณา",สถานะการแสดงโฆษณา,ระดับการแสดงโฆษณา,การตั้งค่าการระบุที่มา,ประเภทผลลัพธ์,ผลลัพธ์,การเข้าถึง,ความถี่,ต้นทุนต่อผลลัพธ์,"จำนวนเงินที่ใช้จ่ายไป (THB)",การจัดอันดับคุณภาพ,การจัดอันดับอัตราการมีส่วนร่วม,การจัดอันดับอัตราคอนเวอร์ชั่น,อิมเพรสชัน,"CPM (ต้นทุนต่ออิมเพรสชั่น 1,000 ครั้ง)",การคลิกลิงก์,จำนวนการคลิกร้านค้า,"CPC (ต้นทุนต่อการคลิกลิงก์)","CTR (อัตราการคลิกผ่านลิงก์)","จำนวนคลิก (ทั้งหมด)","CTR (ทั้งหมด)","CPC (ทั้งหมด)",การดูแลนดิ้งเพจ,ต้นทุนต่อการเข้าชมแลนดิ้งเพจ,เริ่มการรายงาน,สิ้นสุดการรายงาน,"ผลลัพธ์ (เบื้องต้น)"
,,,,,,mixed,,13117,1.2878707,,1350.08,0,0,0,16893,79.91949328,549,0,2.45916211,3.24986681,1530,9.05700586,0.88240523,203,6.65064039,2025-07-10,2026-08-12,
"Post: ""🥚มาแล้วครับทุกคน🥚""",2025-07-11,120229666005010481,not_delivering,ad,"การคลิกในช่วง 7 วันหรือการดูในช่วง 1 วัน",การสนทนาผ่านการส่งข้อความที่เริ่มขึ้น,15,628,1.25636943,10.02333333,150.35,-,-,-,789,190.55766793,37,0,4.06351351,4.68948035,152,19.26489227,0.98914474,,,2025-07-11,2025-07-11,
"Post: ""🥚มาแล้วครับทุกคน🥚""",2025-07-13,120229666005010481,not_delivering,ad,"การคลิกในช่วง 7 วันหรือการดูในช่วง 1 วัน",การสนทนาผ่านการส่งข้อความที่เริ่มขึ้น,21,1331,1.17355372,6.49047619,136.3,-,-,-,1562,87.25992318,45,0,3.02888889,2.8809219,309,19.78233035,0.44110032,,,2025-07-13,2025-07-13,
"โพสต์: ""🔥🔥ไม่เชื่อก็ต้องเชื่อครับ!!!""",2025-12-12,120238820260400481,not_delivering,ad,"การคลิกในช่วง 7 วันหรือการดูในช่วง 1 วัน",การสนทนาผ่านการส่งข้อความที่เริ่มขึ้น,20,600,1.43166667,6.6855,133.71,-,-,-,859,155.65774156,31,0,4.31322581,3.6088475,103,11.99068685,1.29815534,,,2025-12-12,2025-12-12,
"Instagram post: บอกเราได้ที่ 🔥Bio🔥
#Glowra...",2026-03-23,120243155449830481,not_delivering,ad,"การคลิกในช่วง 7 วันหรือการดูในช่วง 1 วัน",การคลิกลิงก์,118,3074,1.04912167,0.87067797,102.74,-,-,-,3225,31.85736434,118,0,0.87067797,3.65891473,119,3.68992248,0.86336134,101,1.01722772,2026-03-23,2026-03-23,
"Instagram post: บอกเราได้ที่ 🔥Bio🔥
#Glowra...",2026-03-22,120243155449830481,not_delivering,ad,"การคลิกในช่วง 7 วันหรือการดูในช่วง 1 วัน",การคลิกลิงก์,70,2477,1.04521599,1.42642857,99.85,-,-,-,2589,38.56701429,70,0,1.42642857,2.70374662,73,2.81962148,1.36780822,54,1.84907407,2026-03-22,2026-03-22,
"โพสต์: ""🔥🔥ไม่เชื่อก็ต้องเชื่อครับ!!!""",2025-12-12,120238826064120481,not_delivering,ad,"การคลิกในช่วง 7 วันหรือการดูในช่วง 1 วัน",การสนทนาผ่านการส่งข้อความที่เริ่มขึ้น,12,402,1.48507463,7.90083333,94.81,-,-,-,597,158.81072027,27,0,3.51148148,4.52261307,76,12.73031826,1.2475,,,2025-12-12,2025-12-12,
"Post: ""🥚มาแล้วครับทุกคน🥚""",2025-07-14,120229666005010481,not_delivering,ad,"การคลิกในช่วง 7 วันหรือการดูในช่วง 1 วัน",การสนทนาผ่านการส่งข้อความที่เริ่มขึ้น,13,873,1.15120275,6.17230769,80.24,-,-,-,1005,79.84079602,49,0,1.63755102,4.87562189,239,23.78109453,0.33573222,,,2025-07-14,2025-07-14,
"โพสต์: ""🔥🔥ไม่เชื่อก็ต้องเชื่อครับ!!!""",2025-12-13,120238826064120481,not_delivering,ad,"การคลิกในช่วง 7 วันหรือการดูในช่วง 1 วัน",การสนทนาผ่านการส่งข้อความที่เริ่มขึ้น,6,391,1.51662404,12.275,73.65,-,-,-,593,124.1989882,22,0,3.34772727,3.70994941,50,8.4317032,1.473,,,2025-12-13,2025-12-13,
"โพสต์: ""🔥🔥ไม่เชื่อก็ต้องเชื่อครับ!!!""",2025-12-11,120238826064120481,not_delivering,ad,"การคลิกในช่วง 7 วันหรือการดูในช่วง 1 วัน",การสนทนาผ่านการส่งข้อความที่เริ่มขึ้น,9,270,1.13703704,7.72777778,69.55,-,-,-,307,226.54723127,18,0,3.86388889,5.86319218,52,16.93811075,1.3375,,,2025-12-11,2025-12-11,
"โพสต์: ""เทส เทส เทส ใครอยากระบายอะไรพิมพ์ลงมาได้นะ""",2026-08-12,120250765705660481,active,ad,"การคลิกในช่วง 7 วันหรือการดูในช่วง 1 วัน",การสนทนาผ่านการส่งข้อความที่เริ่มขึ้น,1,425,1.29411765,64.04,64.04,-,-,-,550,116.43636364,6,0,10.67333333,1.09090909,9,1.63636364,7.11555556,,,2026-08-12,2026-08-12,
"Post: ""🥚มาแล้วครับทุกคน🥚""",2025-07-12,120229666005010481,not_delivering,ad,"การคลิกในช่วง 7 วันหรือการดูในช่วง 1 วัน",การสนทนาผ่านการส่งข้อความที่เริ่มขึ้น,14,299,1.27424749,4.40142857,61.62,-,-,-,381,161.73228346,24,0,2.5675,6.2992126,98,25.72178478,0.62877551,,,2025-07-12,2025-07-12,
"Post: ""🥚มาแล้วครับทุกคน🥚""",2025-07-15,120229666005010481,not_delivering,ad,"การคลิกในช่วง 7 วันหรือการดูในช่วง 1 วัน",การสนทนาผ่านการส่งข้อความที่เริ่มขึ้น,6,621,1.13848631,9.97,59.82,-,-,-,707,84.61103253,15,0,3.988,2.12164074,130,18.38755304,0.46015385,,,2025-07-15,2025-07-15,
"Instagram post: บอกเราได้ที่ 🔥Bio🔥
#Glowra...",2026-03-21,120243155449830481,not_delivering,ad,"การคลิกในช่วง 7 วันหรือการดูในช่วง 1 วัน",การคลิกลิงก์,34,1404,1,1.54705882,52.6,-,-,-,1404,37.46438746,34,0,1.54705882,2.42165242,36,2.56410256,1.46111111,17,3.09411765,2026-03-21,2026-03-21,
"โพสต์: ""เทส เทส เทส ใครอยากระบายอะไรพิมพ์ลงมาได้นะ""",2026-08-11,120250765705660481,active,ad,"การคลิกในช่วง 7 วันหรือการดูในช่วง 1 วัน",การสนทนาผ่านการส่งข้อความที่เริ่มขึ้น,1,295,1.25762712,52.12,52.12,-,-,-,371,140.4851752,2,0,26.06,0.53908356,5,1.34770889,10.424,,,2026-08-11,2026-08-11,
"Instagram post: บอกเราได้ที่ 🔥Bio🔥
#Glowra...",2026-03-24,120243155449830481,not_delivering,ad,"การคลิกในช่วง 7 วันหรือการดูในช่วง 1 วัน",การคลิกลิงก์,42,1267,1.04025257,1.05047619,44.12,-,-,-,1318,33.47496206,42,0,1.05047619,3.18664643,45,3.41426404,0.98044444,31,1.42322581,2026-03-24,2026-03-24,
"โพสต์: ""เทส เทส เทส ใครอยากระบายอะไรพิมพ์ลงมาได้นะ""",2026-08-10,120250765705660481,active,ad,"การคลิกในช่วง 7 วันหรือการดูในช่วง 1 วัน",การสนทนาผ่านการส่งข้อความที่เริ่มขึ้น,1,200,1.245,32.43,32.43,-,-,-,249,130.24096386,4,0,8.1075,1.6064257,6,2.40963855,5.405,,,2026-08-10,2026-08-10,
"โพสต์: ""เทส เทส เทส ใครอยากระบายอะไรพิมพ์ลงมาได้นะ""",2026-08-09,120250765705660481,active,ad,"การคลิกในช่วง 7 วันหรือการดูในช่วง 1 วัน",การสนทนาผ่านการส่งข้อความที่เริ่มขึ้น,1,182,1.12637363,15.9,15.9,-,-,-,205,77.56097561,,0,,,3,1.46341463,5.3,,,2026-08-09,2026-08-09,
"Post: ""🥚มาแล้วครับทุกคน🥚""",2025-07-10,120229666005010481,not_delivering,ad,"การคลิกในช่วง 7 วันหรือการดูในช่วง 1 วัน",การสนทนาผ่านการส่งข้อความที่เริ่มขึ้น,1,52,1.01923077,9.05,9.05,-,-,-,53,170.75471698,2,0,4.525,3.77358491,6,11.32075472,1.50833333,,,2025-07-10,2025-07-10,
"โพสต์: ""🔥🔥ไม่เชื่อก็ต้องเชื่อครับ!!!""",2025-12-11,120238820260400481,not_delivering,ad,"การคลิกในช่วง 7 วันหรือการดูในช่วง 1 วัน",,,22,1.09090909,,6.49,-,-,-,24,270.41666667,,0,,,3,12.5,2.16333333,,,2025-12-11,2025-12-11,
"โพสต์: ""🔥🔥ไม่เชื่อก็ต้องเชื่อครับ!!!""",2025-12-14,120238826064120481,not_delivering,ad,"การคลิกในช่วง 7 วันหรือการดูในช่วง 1 วัน",การสนทนาผ่านการส่งข้อความที่เริ่มขึ้น,1,49,1.20408163,5.21,5.21,-,-,-,59,88.30508475,2,0,2.605,3.38983051,9,15.25423729,0.57888889,,,2025-12-14,2025-12-14,
"โพสต์: ""🔥🔥ไม่เชื่อก็ต้องเชื่อครับ!!!""",2025-12-13,120238820260400481,not_delivering,ad,"การคลิกในช่วง 7 วันหรือการดูในช่วง 1 วัน",,,30,1.06666667,,4.36,-,-,-,32,136.25,1,0,4.36,3.125,5,15.625,0.872,,,2025-12-13,2025-12-13,
"โพสต์: ""🔥🔥ไม่เชื่อก็ต้องเชื่อครับ!!!""",2025-12-15,120238826064120481,not_delivering,ad,"การคลิกในช่วง 7 วันหรือการดูในช่วง 1 วัน",,,5,1.2,,0.69,-,-,-,6,115,,0,,,0,0,,,,2025-12-15,2025-12-15,
"โพสต์: ""🔥🔥ไม่เชื่อก็ต้องเชื่อครับ!!!""",2025-12-14,120238820260400481,not_delivering,ad,"การคลิกในช่วง 7 วันหรือการดูในช่วง 1 วัน",,,6,1.16666667,,0.31,-,-,-,7,44.28571429,,0,,,2,28.57142857,0.155,,,2025-12-14,2025-12-14,
"โพสต์: ""🔥🔥ไม่เชื่อก็ต้องเชื่อครับ!!!""",2025-12-15,120238820260400481,not_delivering,ad,"การคลิกในช่วง 7 วันหรือการดูในช่วง 1 วัน",,,1,1,,0.12,-,-,-,1,120,,0,,,0,0,,,,2025-12-15,2025-12-15,
"Post: ""🥚มาแล้วครับทุกคน🥚""",2025-07-19,120229666005010481,not_delivering,ad,"การคลิกในช่วง 7 วันหรือการดูในช่วง 1 วัน",การสนทนาผ่านการส่งข้อความที่เริ่มขึ้น,1,0,0,0,0,-,-,-,0,,,0,,,0,,,,,2025-07-19,2025-07-19,
"Post: ""🥚มาแล้วครับทุกคน🥚""",2025-07-17,120229666005010481,not_delivering,ad,"การคลิกในช่วง 7 วันหรือการดูในช่วง 1 วัน",การสนทนาผ่านการส่งข้อความที่เริ่มขึ้น,1,0,0,0,0,-,-,-,0,,,0,,,0,,,,,2025-07-17,2025-07-17,
"Post: ""🥚มาแล้วครับทุกคน🥚""",2025-07-16,120229666005010481,not_delivering,ad,"การคลิกในช่วง 7 วันหรือการดูในช่วง 1 วัน",การสนทนาผ่านการส่งข้อความที่เริ่มขึ้น,1,0,0,0,0,-,-,-,0,,,0,,,0,,,,,2025-07-16,2025-07-16,
