วันที่,ชื่อแคมเปญ,ชื่อโฆษณา,ประเภทโฆษณา,การแสดงผล,คลิก,CTR (%),ค่าใช้จ่าย (บาท),จำนวนคำสั่งซื้อ,ยอดขายจากโฆษณา (บาท),ROAS
11/08/2569,Shopee Ads - แคมเปญประจำเดือน,AD - ค้นหาสินค้า,โฆษณาค้นหาสินค้า,10065,226,2.25,805.79,19,7728.09,9.59
11/08/2569,Shopee Ads - แคมเปญประจำเดือน,AD - ค้นหาร้านค้า,โฆษณาค้นหาร้านค้า,8558,287,3.35,857.93,16,8061.86,9.40
12/08/2569,Shopee Ads - แคมเปญประจำเดือน,AD - ค้นหาสินค้า,โฆษณาค้นหาสินค้า,17486,407,2.33,1099.97,32,15492.44,14.08
12/08/2569,Shopee Ads - แคมเปญประจำเดือน,AD - ค้นหาร้านค้า,โฆษณาค้นหาร้านค้า,17894,560,3.13,1329.63,44,21584.06,16.23
13/08/2569,Shopee Ads - แคมเปญประจำเดือน,AD - ค้นหาสินค้า,โฆษณาค้นหาสินค้า,17020,381,2.24,1345.84,25,9767.49,7.26
13/08/2569,Shopee Ads - แคมเปญประจำเดือน,AD - ค้นหาร้านค้า,โฆษณาค้นหาร้านค้า,16423,421,2.56,1401.00,17,7521.47,5.37
14/08/2569,Shopee Ads - แคมเปญประจำเดือน,AD - ค้นหาสินค้า,โฆษณาค้นหาสินค้า,16211,444,2.74,1047.65,18,8330.27,7.95
14/08/2569,Shopee Ads - แคมเปญประจำเดือน,AD - ค้นหาร้านค้า,โฆษณาค้นหาร้านค้า,11491,332,2.89,867.07,29,15519.21,17.90
15/08/2569,Shopee Ads - แคมเปญประจำเดือน,AD - ค้นหาสินค้า,โฆษณาค้นหาสินค้า,16930,375,2.22,953.86,23,10435.91,10.94
15/08/2569,Shopee Ads - แคมเปญประจำเดือน,AD - ค้นหาร้านค้า,โฆษณาค้นหาร้านค้า,8981,304,3.38,1008.26,16,9554.93,9.48
16/08/2569,Shopee Ads - แคมเปญประจำเดือน,AD - ค้นหาสินค้า,โฆษณาค้นหาสินค้า,9035,199,2.20,559.18,14,5737.25,10.26
16/08/2569,Shopee Ads - แคมเปญประจำเดือน,AD - ค้นหาร้านค้า,โฆษณาค้นหาร้านค้า,18104,391,2.16,1042.63,34,14347.21,13.76
17/08/2569,Shopee Ads - แคมเปญประจำเดือน,AD - ค้นหาสินค้า,โฆษณาค้นหาสินค้า,10446,350,3.35,899.08,15,7044.83,7.84
17/08/2569,Shopee Ads - แคมเปญประจำเดือน,AD - ค้นหาร้านค้า,โฆษณาค้นหาร้านค้า,13042,400,3.07,805.08,36,16569.07,20.58
18/08/2569,Shopee Ads - แคมเปญประจำเดือน,AD - ค้นหาสินค้า,โฆษณาค้นหาสินค้า,12987,443,3.41,1235.36,25,13567.43,10.98
18/08/2569,Shopee Ads - แคมเปญประจำเดือน,AD - ค้นหาร้านค้า,โฆษณาค้นหาร้านค้า,12489,380,3.04,902.86,25,15718.66,17.41
19/08/2569,Shopee Ads - แคมเปญประจำเดือน,AD - ค้นหาสินค้า,โฆษณาค้นหาสินค้า,13858,413,2.98,1254.02,29,17753.87,14.16
19/08/2569,Shopee Ads - แคมเปญประจำเดือน,AD - ค้นหาร้านค้า,โฆษณาค้นหาร้านค้า,10210,289,2.83,969.61,17,7390.95,7.62
20/08/2569,Shopee Ads - แคมเปญประจำเดือน,AD - ค้นหาสินค้า,โฆษณาค้นหาสินค้า,15434,462,2.99,1092.18,40,20458.03,18.73
20/08/2569,Shopee Ads - แคมเปญประจำเดือน,AD - ค้นหาร้านค้า,โฆษณาค้นหาร้านค้า,15505,529,3.41,1101.53,42,23914.03,21.71
21/08/2569,Shopee Ads - แคมเปญประจำเดือน,AD - ค้นหาสินค้า,โฆษณาค้นหาสินค้า,18550,521,2.81,1566.78,43,21354.88,13.63
21/08/2569,Shopee Ads - แคมเปญประจำเดือน,AD - ค้นหาร้านค้า,โฆษณาค้นหาร้านค้า,12277,310,2.53,743.14,15,6499.86,8.75
22/08/2569,Shopee Ads - แคมเปญประจำเดือน,AD - ค้นหาสินค้า,โฆษณาค้นหาสินค้า,14610,496,3.39,1134.57,26,13089.91,11.54
22/08/2569,Shopee Ads - แคมเปญประจำเดือน,AD - ค้นหาร้านค้า,โฆษณาค้นหาร้านค้า,9186,308,3.35,807.70,18,9254.90,11.46
23/08/2569,Shopee Ads - แคมเปญประจำเดือน,AD - ค้นหาสินค้า,โฆษณาค้นหาสินค้า,10724,226,2.11,795.92,17,9265.63,11.64
23/08/2569,Shopee Ads - แคมเปญประจำเดือน,AD - ค้นหาร้านค้า,โฆษณาค้นหาร้านค้า,14501,396,2.73,977.22,28,12284.30,12.57
24/08/2569,Shopee Ads - แคมเปญประจำเดือน,AD - ค้นหาสินค้า,โฆษณาค้นหาสินค้า,9557,315,3.30,999.39,16,6794.82,6.80
24/08/2569,Shopee Ads - แคมเปญประจำเดือน,AD - ค้นหาร้านค้า,โฆษณาค้นหาร้านค้า,11192,261,2.33,824.17,12,5056.15,6.13
25/08/2569,Shopee Ads - แคมเปญประจำเดือน,AD - ค้นหาสินค้า,โฆษณาค้นหาสินค้า,12284,426,3.47,1169.98,21,9025.48,7.71
25/08/2569,Shopee Ads - แคมเปญประจำเดือน,AD - ค้นหาร้านค้า,โฆษณาค้นหาร้านค้า,16980,512,3.02,1808.48,32,16815.74,9.30
26/08/2569,Shopee Ads - แคมเปญประจำเดือน,AD - ค้นหาสินค้า,โฆษณาค้นหาสินค้า,18647,446,2.39,1324.43,27,17050.18,12.87
26/08/2569,Shopee Ads - แคมเปญประจำเดือน,AD - ค้นหาร้านค้า,โฆษณาค้นหาร้านค้า,16006,508,3.17,1430.61,24,11624.00,8.13
27/08/2569,Shopee Ads - แคมเปญประจำเดือน,AD - ค้นหาสินค้า,โฆษณาค้นหาสินค้า,38000,1152,3.03,3539.94,103,53672.22,15.16
27/08/2569,Shopee Ads - แคมเปญประจำเดือน,AD - ค้นหาร้านค้า,โฆษณาค้นหาร้านค้า,34000,973,2.86,2566.68,57,21959.43,8.56
28/08/2569,Shopee Ads - แคมเปญประจำเดือน,AD - ค้นหาสินค้า,โฆษณาค้นหาสินค้า,12669,308,2.43,1071.04,16,8705.31,8.13
28/08/2569,Shopee Ads - แคมเปญประจำเดือน,AD - ค้นหาร้านค้า,โฆษณาค้นหาร้านค้า,10919,274,2.51,755.37,13,7078.66,9.37
29/08/2569,Shopee Ads - แคมเปญประจำเดือน,AD - ค้นหาสินค้า,โฆษณาค้นหาสินค้า,16668,553,3.32,1784.87,31,13902.23,7.79
29/08/2569,Shopee Ads - แคมเปญประจำเดือน,AD - ค้นหาร้านค้า,โฆษณาค้นหาร้านค้า,9643,301,3.12,646.51,18,11288.49,17.46
30/08/2569,Shopee Ads - แคมเปญประจำเดือน,AD - ค้นหาสินค้า,โฆษณาค้นหาสินค้า,8687,262,3.02,739.53,12,6926.04,9.37
30/08/2569,Shopee Ads - แคมเปญประจำเดือน,AD - ค้นหาร้านค้า,โฆษณาค้นหาร้านค้า,14711,462,3.14,1063.69,28,17192.00,16.16
31/08/2569,Shopee Ads - แคมเปญประจำเดือน,AD - ค้นหาสินค้า,โฆษณาค้นหาสินค้า,14505,321,2.21,798.91,26,10824.37,13.55
31/08/2569,Shopee Ads - แคมเปญประจำเดือน,AD - ค้นหาร้านค้า,โฆษณาค้นหาร้านค้า,16723,555,3.32,1306.67,32,14182.59,10.85
01/09/2569,Shopee Ads - แคมเปญประจำเดือน,AD - ค้นหาสินค้า,โฆษณาค้นหาสินค้า,9269,289,3.12,834.90,26,10460.06,12.53
01/09/2569,Shopee Ads - แคมเปญประจำเดือน,AD - ค้นหาร้านค้า,โฆษณาค้นหาร้านค้า,15139,503,3.32,1120.85,29,18077.22,16.13
02/09/2569,Shopee Ads - แคมเปญประจำเดือน,AD - ค้นหาสินค้า,โฆษณาค้นหาสินค้า,12316,409,3.32,894.31,17,9366.51,10.47
02/09/2569,Shopee Ads - แคมเปญประจำเดือน,AD - ค้นหาร้านค้า,โฆษณาค้นหาร้านค้า,13281,289,2.18,612.72,23,8944.49,14.60
03/09/2569,Shopee Ads - แคมเปญประจำเดือน,AD - ค้นหาสินค้า,โฆษณาค้นหาสินค้า,8868,255,2.88,903.81,11,6780.12,7.50
03/09/2569,Shopee Ads - แคมเปญประจำเดือน,AD - ค้นหาร้านค้า,โฆษณาค้นหาร้านค้า,10083,319,3.16,714.83,23,9751.84,13.64
04/09/2569,Shopee Ads - แคมเปญประจำเดือน,AD - ค้นหาสินค้า,โฆษณาค้นหาสินค้า,12349,315,2.55,972.69,13,8016.27,8.24
04/09/2569,Shopee Ads - แคมเปญประจำเดือน,AD - ค้นหาร้านค้า,โฆษณาค้นหาร้านค้า,9142,228,2.49,488.44,14,7599.53,15.56
05/09/2569,Shopee Ads - แคมเปญประจำเดือน,AD - ค้นหาสินค้า,โฆษณาค้นหาสินค้า,8896,214,2.41,515.70,10,5677.93,11.01
05/09/2569,Shopee Ads - แคมเปญประจำเดือน,AD - ค้นหาร้านค้า,โฆษณาค้นหาร้านค้า,8783,286,3.26,1003.02,15,5930.08,5.91
06/09/2569,Shopee Ads - แคมเปญประจำเดือน,AD - ค้นหาสินค้า,โฆษณาค้นหาสินค้า,15200,440,2.89,991.78,18,8693.01,8.77
06/09/2569,Shopee Ads - แคมเปญประจำเดือน,AD - ค้นหาร้านค้า,โฆษณาค้นหาร้านค้า,10143,296,2.92,757.85,13,6272.85,8.28
07/09/2569,Shopee Ads - แคมเปญประจำเดือน,AD - ค้นหาสินค้า,โฆษณาค้นหาสินค้า,17112,534,3.12,1772.30,23,11969.95,6.75
07/09/2569,Shopee Ads - แคมเปญประจำเดือน,AD - ค้นหาร้านค้า,โฆษณาค้นหาร้านค้า,12665,358,2.83,1106.17,21,10002.07,9.04
08/09/2569,Shopee Ads - แคมเปญประจำเดือน,AD - ค้นหาสินค้า,โฆษณาค้นหาสินค้า,11426,304,2.66,692.37,19,8027.63,11.59
08/09/2569,Shopee Ads - แคมเปญประจำเดือน,AD - ค้นหาร้านค้า,โฆษณาค้นหาร้านค้า,16931,422,2.49,1211.90,20,11212.54,9.25
09/09/2569,Shopee Ads - แคมเปญประจำเดือน,AD - ค้นหาสินค้า,โฆษณาค้นหาสินค้า,14339,492,3.43,1759.20,28,10736.19,6.10
09/09/2569,Shopee Ads - แคมเปญประจำเดือน,AD - ค้นหาร้านค้า,โฆษณาค้นหาร้านค้า,9417,279,2.96,788.29,19,10565.11,13.40
