วันที่,ชื่อแคมเปญ,ประเภทโฆษณา,การแสดงผล,คลิก,CTR (%),ค่าใช้จ่าย (บาท),จำนวนคำสั่งซื้อ,ยอดขายจากโฆษณา (บาท),ROAS
24/06/2569,Shopee Ads - สินค้าขายดี,โฆษณาค้นหาสินค้า,16398,413,2.52,952.45,24,12480.00,13.10
25/06/2569,Shopee Ads - สินค้าขายดี,โฆษณาค้นหาร้านค้า,15237,380,2.49,865.95,24,12480.00,14.41
26/06/2569,Shopee Ads - สินค้าขายดี,โฆษณาแนะนำสินค้า,18522,449,2.42,974.88,25,13000.00,13.34
27/06/2569,Shopee Ads - สินค้าขายดี,โฆษณาค้นหาสินค้า,25752,562,2.18,1367.11,19,9880.00,7.23
28/06/2569,Shopee Ads - สินค้าขายดี,โฆษณาค้นหาร้านค้า,20530,469,2.28,1078.40,25,13000.00,12.05
29/06/2569,Shopee Ads - สินค้าขายดี,โฆษณาแนะนำสินค้า,19139,485,2.53,911.57,22,11440.00,12.55
30/06/2569,Shopee Ads - สินค้าขายดี,โฆษณาค้นหาสินค้า,17173,432,2.52,945.11,26,13520.00,14.31
01/07/2569,Shopee Ads - สินค้าขายดี,โฆษณาค้นหาร้านค้า,16327,330,2.02,613.83,12,6240.00,10.17
02/07/2569,Shopee Ads - สินค้าขายดี,โฆษณาแนะนำสินค้า,19509,413,2.12,908.52,16,8320.00,9.16
03/07/2569,Shopee Ads - สินค้าขายดี,โฆษณาค้นหาสินค้า,21862,529,2.42,1053.92,33,17160.00,16.28
04/07/2569,Shopee Ads - สินค้าขายดี,โฆษณาค้นหาร้านค้า,28786,500,1.74,997.09,25,13000.00,13.04
05/07/2569,Shopee Ads - สินค้าขายดี,โฆษณาแนะนำสินค้า,27638,481,1.74,1025.61,18,9360.00,9.13
06/07/2569,Shopee Ads - สินค้าขายดี,โฆษณาค้นหาสินค้า,19143,355,1.85,755.05,13,6760.00,8.95
07/07/2569,Shopee Ads - สินค้าขายดี,โฆษณาค้นหาร้านค้า,21895,512,2.34,1159.30,21,10920.00,9.42
08/07/2569,Shopee Ads - สินค้าขายดี,โฆษณาแนะนำสินค้า,22149,556,2.51,1158.55,23,11960.00,10.32
09/07/2569,Shopee Ads - สินค้าขายดี,โฆษณาค้นหาสินค้า,17968,342,1.90,695.80,22,11440.00,16.44
10/07/2569,Shopee Ads - สินค้าขายดี,โฆษณาค้นหาร้านค้า,18709,374,2.00,714.25,14,7280.00,10.19
11/07/2569,Shopee Ads - สินค้าขายดี,โฆษณาแนะนำสินค้า,25802,582,2.26,1337.46,26,13520.00,10.11
12/07/2569,Shopee Ads - สินค้าขายดี,โฆษณาค้นหาสินค้า,30765,566,1.84,1079.25,33,17160.00,15.90
13/07/2569,Shopee Ads - สินค้าขายดี,โฆษณาค้นหาร้านค้า,18205,440,2.42,802.69,26,13520.00,16.84
14/07/2569,Shopee Ads - สินค้าขายดี,โฆษณาแนะนำสินค้า,19883,402,2.02,924.34,22,11440.00,12.38
15/07/2569,Shopee Ads - สินค้าขายดี,โฆษณาค้นหาสินค้า,18989,354,1.86,762.23,13,6760.00,8.87
16/07/2569,Shopee Ads - สินค้าขายดี,โฆษณาค้นหาร้านค้า,25911,583,2.25,1203.50,25,13000.00,10.80
17/07/2569,Shopee Ads - สินค้าขายดี,โฆษณาแนะนำสินค้า,21024,537,2.55,1064.11,34,17680.00,16.61
18/07/2569,Shopee Ads - สินค้าขายดี,โฆษณาค้นหาสินค้า,29617,547,1.85,1173.35,23,11960.00,10.19
19/07/2569,Shopee Ads - สินค้าขายดี,โฆษณาค้นหาร้านค้า,31443,749,2.38,1441.03,47,24440.00,16.96
20/07/2569,Shopee Ads - สินค้าขายดี,โฆษณาแนะนำสินค้า,19944,426,2.14,812.67,23,11960.00,14.72
21/07/2569,Shopee Ads - สินค้าขายดี,โฆษณาค้นหาสินค้า,19974,433,2.17,1008.83,19,9880.00,9.79
22/07/2569,Shopee Ads - สินค้าขายดี,โฆษณาค้นหาร้านค้า,20026,338,1.69,641.48,19,9880.00,15.40
23/07/2569,Shopee Ads - สินค้าขายดี,โฆษณาแนะนำสินค้า,24380,554,2.27,1200.89,25,13000.00,10.83
