Date,Campaign name,Ad group name,Ad name,Impressions,Clicks,CTR (%),CPC (THB),CPM (THB),Cost (THB),Conversions,Cost per conversion (THB),Complete payment ROAS
2026-06-24,TT Summer - Skincare,AG - Skincare Broad TH 25-44,TT - Serum Carousel,27330,638,2.33,2.44,56.86,1553.99,28,55.50,8.29
2026-06-24,TT Always On - Supplements,AG - Collagen Lookalike 1%,TT - Collagen Video,15475,312,2.02,2.01,40.45,625.94,10,62.59,10.86
2026-06-24,Push - Wireless Earbuds,AG - Gadget Interest 18-34,TT - Earbuds Reels,17834,293,1.64,2.30,37.75,673.23,8,84.15,6.15
2026-06-25,TT Summer - Skincare,AG - Skincare Broad TH 25-44,TT - Serum Carousel,25395,587,2.31,2.41,55.64,1412.86,28,50.46,9.11
2026-06-25,TT Always On - Supplements,AG - Collagen Lookalike 1%,TT - Collagen Video,18094,336,1.86,2.25,41.86,757.47,11,68.86,9.62
2026-06-25,Push - Wireless Earbuds,AG - Gadget Interest 18-34,TT - Earbuds Reels,23521,526,2.24,2.31,51.77,1217.57,25,48.70,11.13
2026-06-26,TT Summer - Skincare,AG - Skincare Broad TH 25-44,TT - Serum Carousel,30870,694,2.25,2.29,51.53,1590.59,29,54.85,8.30
2026-06-26,TT Always On - Supplements,AG - Collagen Lookalike 1%,TT - Collagen Video,18823,312,1.66,2.47,40.89,769.65,15,51.31,13.25
2026-06-26,Push - Wireless Earbuds,AG - Gadget Interest 18-34,TT - Earbuds Reels,19026,326,1.71,2.17,37.24,708.53,15,47.24,11.16
2026-06-27,TT Summer - Skincare,AG - Skincare Broad TH 25-44,TT - Serum Carousel,42920,868,2.02,2.57,51.97,2230.55,22,101.39,4.62
2026-06-27,TT Always On - Supplements,AG - Collagen Lookalike 1%,TT - Collagen Video,21014,423,2.01,2.39,48.11,1010.97,18,56.17,12.49
2026-06-27,Push - Wireless Earbuds,AG - Gadget Interest 18-34,TT - Earbuds Reels,24426,473,1.94,2.42,46.91,1145.94,20,57.30,9.53
2026-06-28,TT Summer - Skincare,AG - Skincare Broad TH 25-44,TT - Serum Carousel,34217,725,2.12,2.43,51.42,1759.50,29,60.67,7.68
2026-06-28,TT Always On - Supplements,AG - Collagen Lookalike 1%,TT - Collagen Video,21321,411,1.93,2.41,46.50,991.45,19,52.18,13.22
2026-06-28,Push - Wireless Earbuds,AG - Gadget Interest 18-34,TT - Earbuds Reels,25502,595,2.33,1.98,46.15,1176.89,29,40.58,13.12
2026-06-29,TT Summer - Skincare,AG - Skincare Broad TH 25-44,TT - Serum Carousel,31898,749,2.35,1.99,46.63,1487.30,26,57.20,8.01
2026-06-29,TT Always On - Supplements,AG - Collagen Lookalike 1%,TT - Collagen Video,17670,311,1.76,2.19,38.49,680.10,13,52.32,12.85
2026-06-29,Push - Wireless Earbuds,AG - Gadget Interest 18-34,TT - Earbuds Reels,19791,317,1.60,2.29,36.69,726.18,9,80.69,6.74
2026-06-30,TT Summer - Skincare,AG - Skincare Broad TH 25-44,TT - Serum Carousel,28622,667,2.33,2.31,53.88,1542.02,31,49.74,9.19
2026-06-30,TT Always On - Supplements,AG - Collagen Lookalike 1%,TT - Collagen Video,14521,230,1.58,1.97,31.26,453.99,8,56.75,11.77
2026-06-30,Push - Wireless Earbuds,AG - Gadget Interest 18-34,TT - Earbuds Reels,24944,422,1.69,1.93,32.60,813.10,13,62.55,8.33
2026-07-01,TT Summer - Skincare,AG - Skincare Broad TH 25-44,TT - Serum Carousel,27211,510,1.87,1.96,36.81,1001.51,14,71.54,6.43
2026-07-01,TT Always On - Supplements,AG - Collagen Lookalike 1%,TT - Collagen Video,16670,373,2.24,1.94,43.43,724.01,11,65.82,10.73
2026-07-01,Push - Wireless Earbuds,AG - Gadget Interest 18-34,TT - Earbuds Reels,23701,553,2.33,2.07,48.28,1144.19,20,57.21,9.54
2026-07-02,TT Summer - Skincare,AG - Skincare Broad TH 25-44,TT - Serum Carousel,32516,638,1.96,2.32,45.59,1482.32,18,82.35,5.65
2026-07-02,TT Always On - Supplements,AG - Collagen Lookalike 1%,TT - Collagen Video,15293,326,2.13,2.12,45.10,689.72,10,68.97,9.86
2026-07-02,Push - Wireless Earbuds,AG - Gadget Interest 18-34,TT - Earbuds Reels,20189,451,2.23,2.08,46.47,938.17,18,52.12,10.43
2026-07-03,TT Summer - Skincare,AG - Skincare Broad TH 25-44,TT - Serum Carousel,36437,817,2.24,2.10,47.19,1719.55,39,44.09,10.30
2026-07-03,TT Always On - Supplements,AG - Collagen Lookalike 1%,TT - Collagen Video,19701,460,2.33,2.32,54.09,1065.70,21,50.75,13.67
2026-07-03,Push - Wireless Earbuds,AG - Gadget Interest 18-34,TT - Earbuds Reels,22257,402,1.81,2.37,42.88,954.36,13,73.41,7.49
2026-07-04,TT Summer - Skincare,AG - Skincare Broad TH 25-44,TT - Serum Carousel,47977,773,1.61,2.10,33.91,1626.84,29,56.10,8.11
2026-07-04,TT Always On - Supplements,AG - Collagen Lookalike 1%,TT - Collagen Video,21301,349,1.64,2.50,40.99,873.19,15,58.21,11.68
2026-07-04,Push - Wireless Earbuds,AG - Gadget Interest 18-34,TT - Earbuds Reels,25226,480,1.90,2.23,42.51,1072.31,13,82.49,6.32
2026-07-05,TT Summer - Skincare,AG - Skincare Broad TH 25-44,TT - Serum Carousel,46064,744,1.62,2.25,36.33,1673.36,21,79.68,5.77
2026-07-05,TT Always On - Supplements,AG - Collagen Lookalike 1%,TT - Collagen Video,27180,484,1.78,2.44,43.39,1179.47,15,78.63,9.06
2026-07-05,Push - Wireless Earbuds,AG - Gadget Interest 18-34,TT - Earbuds Reels,32553,598,1.84,2.49,45.69,1487.37,16,92.96,5.82
2026-07-06,TT Summer - Skincare,AG - Skincare Broad TH 25-44,TT - Serum Carousel,31905,548,1.72,2.25,38.61,1231.93,15,82.13,5.49
2026-07-06,TT Always On - Supplements,AG - Collagen Lookalike 1%,TT - Collagen Video,19293,427,2.21,2.18,48.17,929.28,15,61.95,11.50
2026-07-06,Push - Wireless Earbuds,AG - Gadget Interest 18-34,TT - Earbuds Reels,19604,352,1.80,2.31,41.40,811.70,11,73.79,6.96
2026-07-07,TT Summer - Skincare,AG - Skincare Broad TH 25-44,TT - Serum Carousel,36491,791,2.17,2.39,51.83,1891.48,25,75.66,5.96
2026-07-07,TT Always On - Supplements,AG - Collagen Lookalike 1%,TT - Collagen Video,21105,472,2.24,2.40,53.57,1130.59,13,86.97,7.73
2026-07-07,Push - Wireless Earbuds,AG - Gadget Interest 18-34,TT - Earbuds Reels,22586,458,2.03,2.30,46.58,1052.00,15,70.13,7.87
2026-07-08,TT Summer - Skincare,AG - Skincare Broad TH 25-44,TT - Serum Carousel,36915,859,2.33,2.20,51.21,1890.27,27,70.01,6.47
2026-07-08,TT Always On - Supplements,AG - Collagen Lookalike 1%,TT - Collagen Video,16673,350,2.10,2.33,48.81,813.85,13,62.60,11.34
2026-07-08,Push - Wireless Earbuds,AG - Gadget Interest 18-34,TT - Earbuds Reels,23157,360,1.55,2.39,37.21,861.72,17,50.69,10.49
2026-07-09,TT Summer - Skincare,AG - Skincare Broad TH 25-44,TT - Serum Carousel,29946,529,1.77,2.15,37.91,1135.26,25,45.41,10.21
2026-07-09,TT Always On - Supplements,AG - Collagen Lookalike 1%,TT - Collagen Video,19353,411,2.12,1.99,42.29,818.36,14,58.45,11.87
2026-07-09,Push - Wireless Earbuds,AG - Gadget Interest 18-34,TT - Earbuds Reels,20437,323,1.58,2.52,39.87,814.80,8,101.85,5.54
2026-07-10,TT Summer - Skincare,AG - Skincare Broad TH 25-44,TT - Serum Carousel,31181,578,1.85,2.02,37.37,1165.35,16,72.83,6.35
2026-07-10,TT Always On - Supplements,AG - Collagen Lookalike 1%,TT - Collagen Video,19550,347,1.77,2.43,43.08,842.12,13,64.78,10.38
2026-07-10,Push - Wireless Earbuds,AG - Gadget Interest 18-34,TT - Earbuds Reels,20546,439,2.14,2.07,44.13,906.65,13,69.74,7.89
2026-07-11,TT Summer - Skincare,AG - Skincare Broad TH 25-44,TT - Serum Carousel,43003,899,2.09,2.43,50.74,2182.18,30,72.74,6.34
2026-07-11,TT Always On - Supplements,AG - Collagen Lookalike 1%,TT - Collagen Video,20356,434,2.13,2.31,49.20,1001.48,19,52.71,13.09
2026-07-11,Push - Wireless Earbuds,AG - Gadget Interest 18-34,TT - Earbuds Reels,29828,643,2.16,2.29,49.47,1475.46,18,81.97,6.38
2026-07-12,TT Summer - Skincare,AG - Skincare Broad TH 25-44,TT - Serum Carousel,51274,875,1.71,2.01,34.34,1760.88,39,45.15,10.05
2026-07-12,TT Always On - Supplements,AG - Collagen Lookalike 1%,TT - Collagen Video,27271,588,2.16,2.11,45.45,1239.57,19,65.24,10.58
2026-07-12,Push - Wireless Earbuds,AG - Gadget Interest 18-34,TT - Earbuds Reels,28489,567,1.99,2.18,43.33,1234.43,16,77.15,7.01
2026-07-13,TT Summer - Skincare,AG - Skincare Broad TH 25-44,TT - Serum Carousel,30342,680,2.24,1.93,43.16,1309.64,31,42.25,10.81
2026-07-13,TT Always On - Supplements,AG - Collagen Lookalike 1%,TT - Collagen Video,19443,378,1.94,2.44,47.42,922.03,13,70.93,9.48
2026-07-13,Push - Wireless Earbuds,AG - Gadget Interest 18-34,TT - Earbuds Reels,22353,354,1.58,2.19,34.64,774.34,17,45.55,11.67
2026-07-14,TT Summer - Skincare,AG - Skincare Broad TH 25-44,TT - Serum Carousel,33138,621,1.87,2.43,45.51,1508.13,26,58.01,7.90
2026-07-14,TT Always On - Supplements,AG - Collagen Lookalike 1%,TT - Collagen Video,22727,507,2.23,1.96,43.79,995.11,22,45.23,15.13
2026-07-14,Push - Wireless Earbuds,AG - Gadget Interest 18-34,TT - Earbuds Reels,29289,454,1.55,2.08,32.28,945.36,14,67.53,7.96
2026-07-15,TT Summer - Skincare,AG - Skincare Broad TH 25-44,TT - Serum Carousel,31648,547,1.73,2.27,39.30,1243.63,15,82.91,5.44
2026-07-15,TT Always On - Supplements,AG - Collagen Lookalike 1%,TT - Collagen Video,18678,409,2.19,2.38,52.08,972.75,11,88.43,7.99
2026-07-15,Push - Wireless Earbuds,AG - Gadget Interest 18-34,TT - Earbuds Reels,30180,484,1.60,2.05,32.80,990.05,18,55.00,9.51
2026-07-16,TT Summer - Skincare,AG - Skincare Broad TH 25-44,TT - Serum Carousel,43185,901,2.09,2.18,45.47,1963.61,29,67.71,6.72
2026-07-16,TT Always On - Supplements,AG - Collagen Lookalike 1%,TT - Collagen Video,21064,490,2.33,2.35,54.64,1150.85,18,63.94,10.55
2026-07-16,Push - Wireless Earbuds,AG - Gadget Interest 18-34,TT - Earbuds Reels,24707,382,1.55,2.21,34.12,842.89,18,46.83,11.61
2026-07-17,TT Summer - Skincare,AG - Skincare Broad TH 25-44,TT - Serum Carousel,35041,830,2.37,2.09,49.55,1736.18,39,44.52,10.38
2026-07-17,TT Always On - Supplements,AG - Collagen Lookalike 1%,TT - Collagen Video,20185,320,1.59,2.43,38.56,778.31,12,64.86,10.61
2026-07-17,Push - Wireless Earbuds,AG - Gadget Interest 18-34,TT - Earbuds Reels,29041,609,2.10,2.30,48.24,1400.91,29,48.31,11.29
2026-07-18,TT Summer - Skincare,AG - Skincare Broad TH 25-44,TT - Serum Carousel,49361,845,1.71,2.27,38.78,1914.41,27,70.90,6.39
2026-07-18,TT Always On - Supplements,AG - Collagen Lookalike 1%,TT - Collagen Video,30708,699,2.28,2.21,50.40,1547.71,27,57.32,11.92
2026-07-18,Push - Wireless Earbuds,AG - Gadget Interest 18-34,TT - Earbuds Reels,39379,696,1.77,2.54,44.81,1764.70,28,63.03,8.53
2026-07-19,TT Summer - Skincare,AG - Skincare Broad TH 25-44,TT - Serum Carousel,52406,1157,2.21,2.03,44.86,2351.16,55,42.75,10.82
2026-07-19,TT Always On - Supplements,AG - Collagen Lookalike 1%,TT - Collagen Video,27689,482,1.74,2.42,42.11,1165.92,19,61.36,11.25
2026-07-19,Push - Wireless Earbuds,AG - Gadget Interest 18-34,TT - Earbuds Reels,35636,828,2.32,2.12,49.36,1759.04,34,51.74,10.27
2026-07-20,TT Summer - Skincare,AG - Skincare Broad TH 25-44,TT - Serum Carousel,33240,658,1.98,2.02,39.89,1325.93,27,49.11,9.23
2026-07-20,TT Always On - Supplements,AG - Collagen Lookalike 1%,TT - Collagen Video,18169,366,2.01,2.54,51.11,928.66,16,58.04,12.03
2026-07-20,Push - Wireless Earbuds,AG - Gadget Interest 18-34,TT - Earbuds Reels,31716,750,2.36,2.22,52.45,1663.55,29,57.36,9.50
2026-07-21,TT Summer - Skincare,AG - Skincare Broad TH 25-44,TT - Serum Carousel,33291,669,2.01,2.46,49.44,1645.98,22,74.82,6.06
2026-07-21,TT Always On - Supplements,AG - Collagen Lookalike 1%,TT - Collagen Video,25029,403,1.61,1.99,32.03,801.77,11,72.89,9.69
2026-07-21,Push - Wireless Earbuds,AG - Gadget Interest 18-34,TT - Earbuds Reels,27112,542,2.00,2.51,50.16,1359.80,25,54.39,9.97
2026-07-22,TT Summer - Skincare,AG - Skincare Broad TH 25-44,TT - Serum Carousel,33377,523,1.57,2.00,31.36,1046.62,22,47.57,9.53
2026-07-22,TT Always On - Supplements,AG - Collagen Lookalike 1%,TT - Collagen Video,25882,463,1.79,2.38,42.65,1103.91,13,84.92,8.36
2026-07-22,Push - Wireless Earbuds,AG - Gadget Interest 18-34,TT - Earbuds Reels,24998,419,1.68,2.57,43.16,1078.92,13,82.99,6.63
2026-07-23,TT Summer - Skincare,AG - Skincare Broad TH 25-44,TT - Serum Carousel,40633,857,2.11,2.29,48.22,1959.35,29,67.56,6.74
2026-07-23,TT Always On - Supplements,AG - Collagen Lookalike 1%,TT - Collagen Video,19130,367,1.92,2.58,49.45,945.89,18,52.55,12.83
2026-07-23,Push - Wireless Earbuds,AG - Gadget Interest 18-34,TT - Earbuds Reels,24744,556,2.25,2.00,45.02,1114.02,24,46.42,11.49
