วันที่เริ่มต้น,วันที่สิ้นสุด,ชื่อแคมเปญ,ชื่อชุดโฆษณา,ชื่อโฆษณา,การแสดงผล,การเข้าถึง,คลิกลิงก์,อัตราการคลิกผ่าน (%),ราคาต่อคลิก,"ราคาต่อการแสดงผล 1,000 ครั้ง",จำนวนเงินที่ใช้จ่าย (฿),ผลลัพธ์,ต้นทุนต่อผลลัพธ์,ROAS
18 ก.ค. 2569,18 ก.ค. 2569,Summer Sale - Skincare,AS - Skincare Broad TH 25-44 ,AD - Serum Carousel,"70,516","50,786",994,1.41,฿3.11,฿43.79,"฿3,087.75",,,7.26
18/07/2569,18/07/2569,Always On - Supplements,AS - Collagen Lookalike 1%,AD - Collagen Video,"43,869","29,764",822,1.87,฿3.04,฿56.90,"฿2,496.31",38,฿65.69,13.55
18/07/2569,18/07/2569,Retargeting - All Products,AS - Website Visitors 30d,AD - Dynamic Product,"19,492","13,784",251,1.29,฿3.26,฿42.01,฿818.88,12,฿68.24,4.69
18 ก.ค. 2569,18 ก.ค. 2569,Push - Wireless Earbuds,AS - Gadget Interest 18-34,AD - Earbuds Reels,"56,255","40,005",819,1.46,฿3.48,฿50.60,"฿2,846.29",40,฿71.16,9.70
18/07/2569,18/07/2569,Gift Set Bundle,AS - Gifting Season TH ,AD - Bundle Static,"29,997","20,579",463,1.54,฿3.45,฿53.27,"฿1,598.08",21,฿76.10,15.64
19/07/2569,19/07/2569,Summer Sale - Skincare,AS - Skincare Broad TH 25-44,AD - Serum Carousel,"74,865","52,620","1,361",1.82,฿2.79,฿50.65,"฿3,792.19",79,฿48.00,12.29
19 ก.ค. 2569,19 ก.ค. 2569,Always On - Supplements,AS - Collagen Lookalike 1%,AD - Collagen Video,"39,556","28,307",567,1.43,฿3.32,฿47.54,"฿1,880.51",27,฿69.65,12.78
19/07/2569,19/07/2569,Retargeting - All Products,AS - Website Visitors 30d,AD - Dynamic Product,"19,890","14,136",252,1.27,฿2.88,฿36.54,฿726.86,,,4.40
19/07/2569,19/07/2569,Push - Wireless Earbuds,AS - Gadget Interest 18-34 ,AD - Earbuds Reels,"50,909","35,370",974,1.91,฿2.91,฿55.73,"฿2,837.16",48,฿59.11,11.67
19 ก.ค. 2569,19 ก.ค. 2569,Gift Set Bundle,AS - Gifting Season TH,AD - Bundle Static,"28,646","20,066",486,1.70,฿2.73,฿46.35,"฿1,327.67",24,฿55.32,21.51
20/07/2569,20/07/2569,Summer Sale - Skincare,AS - Skincare Broad TH 25-44,AD - Serum Carousel,"47,486","30,913",774,1.63,฿2.76,฿45.04,"฿2,138.60",38,฿56.28,10.48
20/07/2569,20/07/2569,Always On - Supplements,AS - Collagen Lookalike 1%,AD - Collagen Video,"25,956","18,144",431,1.66,฿3.48,฿57.71,"฿1,497.84",23,฿65.12,13.67
20 ก.ค. 2569,20 ก.ค. 2569,Retargeting - All Products,AS - Website Visitors 30d ,AD - Dynamic Product,"14,043","9,730",271,1.93,฿3.32,฿64.06,฿899.61,11,฿81.78,3.91
20/07/2569,20/07/2569,Push - Wireless Earbuds,AS - Gadget Interest 18-34,AD - Earbuds Reels,"45,308","29,219",882,1.95,฿3.04,฿59.22,"฿2,683.15",42,฿63.88,10.80
20/07/2569,20/07/2569,Gift Set Bundle,AS - Gifting Season TH,AD - Bundle Static,"24,162","16,788",356,1.47,฿3.48,฿51.25,"฿1,238.30",,,17.30
21 ก.ค. 2569,21 ก.ค. 2569,Summer Sale - Skincare,AS - Skincare Broad TH 25-44,AD - Serum Carousel,"47,558","31,348",787,1.65,฿3.37,฿55.82,"฿2,654.80",31,฿85.64,6.89
21/07/2569,21/07/2569,Always On - Supplements,AS - Collagen Lookalike 1% ,AD - Collagen Video,"35,756","25,694",474,1.33,฿2.73,฿36.17,"฿1,293.18",16,฿80.82,11.01
21/07/2569,21/07/2569,Retargeting - All Products,AS - Website Visitors 30d,AD - Dynamic Product,"15,311","10,937",248,1.62,฿3.42,฿55.45,฿849.03,11,฿77.18,4.15
21 ก.ค. 2569,21 ก.ค. 2569,Push - Wireless Earbuds,AS - Gadget Interest 18-34,AD - Earbuds Reels,"38,731","25,586",638,1.65,฿3.44,฿56.63,"฿2,193.23",36,฿60.92,11.33
21/07/2569,21/07/2569,Gift Set Bundle,AS - Gifting Season TH,AD - Bundle Static,"22,477","15,647",314,1.40,฿2.64,฿36.84,฿828.07,11,฿75.28,15.81
22/07/2569,22/07/2569,Summer Sale - Skincare,AS - Skincare Broad TH 25-44 ,AD - Serum Carousel,"47,681","30,899",615,1.29,฿2.74,฿35.40,"฿1,688.10",31,฿54.45,10.83
22 ก.ค. 2569,22 ก.ค. 2569,Always On - Supplements,AS - Collagen Lookalike 1%,AD - Collagen Video,"36,974","25,666",545,1.47,฿3.27,฿48.16,"฿1,780.49",,,9.50
22/07/2569,22/07/2569,Retargeting - All Products,AS - Website Visitors 30d,AD - Dynamic Product,"18,663","12,468",241,1.29,฿3.20,฿41.27,฿770.28,14,฿55.02,5.82
22/07/2569,22/07/2569,Push - Wireless Earbuds,AS - Gadget Interest 18-34,AD - Earbuds Reels,"35,711","25,042",493,1.38,฿3.53,฿48.73,"฿1,740.20",19,฿91.59,7.53
22 ก.ค. 2569,22 ก.ค. 2569,Gift Set Bundle,AS - Gifting Season TH ,AD - Bundle Static,"27,182","18,942",510,1.88,฿3.54,฿66.33,"฿1,803.02",26,฿69.35,17.16
23/07/2569,23/07/2569,Summer Sale - Skincare,AS - Skincare Broad TH 25-44,AD - Serum Carousel,"58,047","40,085","1,008",1.74,฿3.14,฿54.44,"฿3,160.24",41,฿77.08,7.65
23/07/2569,23/07/2569,Always On - Supplements,AS - Collagen Lookalike 1%,AD - Collagen Video,"27,329","19,199",432,1.58,฿3.53,฿55.82,"฿1,525.64",25,฿61.03,14.58
23 ก.ค. 2569,23 ก.ค. 2569,Retargeting - All Products,AS - Website Visitors 30d,AD - Dynamic Product,"18,163","12,343",274,1.51,฿2.94,฿44.38,฿806.11,14,฿57.58,5.56
23/07/2569,23/07/2569,Push - Wireless Earbuds,AS - Gadget Interest 18-34 ,AD - Earbuds Reels,"35,349","24,355",654,1.85,฿2.75,฿50.83,"฿1,796.81",,,13.06
23/07/2569,23/07/2569,Gift Set Bundle,AS - Gifting Season TH,AD - Bundle Static,"25,703","17,607",392,1.53,฿3.14,฿47.86,"฿1,230.14",16,฿76.88,15.48


รวมทั้งหมด,,,,,"1,081,585",,"17,328",,,,"฿53,988.57",,,
