Reporting starts,Reporting ends,Campaign name,Ad set name,Ad name,Delivery status,Impressions,Reach,Link clicks,CTR (link click-through rate),CPC (cost per link click),"CPM (cost per 1,000 impressions)",Amount spent (THB),Results,Cost per result,Purchase ROAS (return on ad spend)
2026-06-24,2026-06-24,Summer Sale - Skincare,AS - Skincare Broad TH 25-44,AD - Serum Carousel,active,39043,26586,750,1.92,3.34,64.20,2506.44,40,62.66,9.42
2026-06-24,2026-06-24,Always On - Supplements,AS - Collagen Lookalike 1%,AD - Collagen Video,active,22107,15320,367,1.66,2.75,45.67,1009.59,14,72.11,12.34
2026-06-24,2026-06-24,Retargeting - All Products,AS - Website Visitors 30d,AD - Dynamic Product,active,14015,9845,185,1.32,2.99,39.51,553.74,11,50.34,6.36
2026-06-24,2026-06-24,Push - Wireless Earbuds,AS - Gadget Interest 18-34,AD - Earbuds Reels,active,25477,17529,345,1.35,3.15,42.62,1085.85,11,98.71,6.99
2026-06-24,2026-06-24,Gift Set Bundle,AS - Gifting Season TH,AD - Bundle Static,active,18970,12569,345,1.82,3.16,57.41,1089.07,16,68.07,17.48
2026-06-25,2026-06-25,Summer Sale - Skincare,AS - Skincare Broad TH 25-44,AD - Serum Carousel,active,36279,25458,691,1.90,3.30,62.81,2278.81,40,56.97,10.36
2026-06-25,2026-06-25,Always On - Supplements,AS - Collagen Lookalike 1%,AD - Collagen Video,active,25848,17445,395,1.53,3.09,47.27,1221.73,15,81.45,10.93
2026-06-25,2026-06-25,Retargeting - All Products,AS - Website Visitors 30d,AD - Dynamic Product,active,11318,7963,205,1.81,2.73,49.46,559.76,10,55.98,5.72
2026-06-25,2026-06-25,Push - Wireless Earbuds,AS - Gadget Interest 18-34,AD - Earbuds Reels,active,33601,23878,619,1.84,3.17,58.45,1963.83,36,54.55,12.65
2026-06-25,2026-06-25,Gift Set Bundle,AS - Gifting Season TH,AD - Bundle Static,active,15770,10528,299,1.90,3.30,62.57,986.76,11,89.71,13.27
2026-06-26,2026-06-26,Summer Sale - Skincare,AS - Skincare Broad TH 25-44,AD - Serum Carousel,active,44100,29980,816,1.85,3.14,58.17,2565.47,41,62.57,9.43
2026-06-26,2026-06-26,Always On - Supplements,AS - Collagen Lookalike 1%,AD - Collagen Video,active,26890,19300,367,1.36,3.38,46.16,1241.38,21,59.11,15.06
2026-06-26,2026-06-26,Retargeting - All Products,AS - Website Visitors 30d,AD - Dynamic Product,active,13785,9859,238,1.73,2.77,47.79,658.74,11,59.89,5.34
2026-06-26,2026-06-26,Push - Wireless Earbuds,AS - Gadget Interest 18-34,AD - Earbuds Reels,active,27180,17772,384,1.41,2.98,42.05,1142.79,21,54.42,12.68
2026-06-26,2026-06-26,Gift Set Bundle,AS - Gifting Season TH,AD - Bundle Static,active,19450,12784,374,1.92,3.02,58.14,1130.75,19,59.51,20.00
2026-06-27,2026-06-27,Summer Sale - Skincare,AS - Skincare Broad TH 25-44,AD - Serum Carousel,active,61314,39482,1021,1.67,3.52,58.68,3597.66,32,112.43,5.25
2026-06-27,2026-06-27,Always On - Supplements,AS - Collagen Lookalike 1%,AD - Collagen Video,active,30020,20885,498,1.66,3.27,54.32,1630.60,26,62.72,14.19
2026-06-27,2026-06-27,Retargeting - All Products,AS - Website Visitors 30d,AD - Dynamic Product,active,17413,11420,310,1.78,3.23,57.58,1002.62,15,66.84,4.79
2026-06-27,2026-06-27,Push - Wireless Earbuds,AS - Gadget Interest 18-34,AD - Earbuds Reels,active,34894,22992,557,1.60,3.32,52.97,1848.29,29,63.73,10.83
2026-06-27,2026-06-27,Gift Set Bundle,AS - Gifting Season TH,AD - Bundle Static,active,25089,17093,428,1.71,3.01,51.34,1288.18,18,71.57,16.63
2026-06-28,2026-06-28,Summer Sale - Skincare,AS - Skincare Broad TH 25-44,AD - Serum Carousel,active,48881,31612,853,1.75,3.33,58.06,2837.90,42,67.57,8.73
2026-06-28,2026-06-28,Always On - Supplements,AS - Collagen Lookalike 1%,AD - Collagen Video,active,30458,20717,484,1.59,3.30,52.50,1599.11,27,59.23,15.03
2026-06-28,2026-06-28,Retargeting - All Products,AS - Website Visitors 30d,AD - Dynamic Product,active,18635,12012,257,1.38,3.56,49.10,914.96,15,61.00,5.25
2026-06-28,2026-06-28,Push - Wireless Earbuds,AS - Gadget Interest 18-34,AD - Earbuds Reels,active,36431,24465,700,1.92,2.71,52.10,1898.21,41,46.30,14.90
2026-06-28,2026-06-28,Gift Set Bundle,AS - Gifting Season TH,AD - Bundle Static,active,21313,15052,398,1.87,2.75,51.35,1094.50,18,60.81,19.57
2026-06-29,2026-06-29,Summer Sale - Skincare,AS - Skincare Broad TH 25-44,AD - Serum Carousel,active,45568,30058,881,1.93,2.72,52.64,2398.87,37,64.83,9.10
2026-06-29,2026-06-29,Always On - Supplements,AS - Collagen Lookalike 1%,AD - Collagen Video,active,25243,16663,366,1.45,3.00,43.46,1096.94,18,60.94,14.60
2026-06-29,2026-06-29,Retargeting - All Products,AS - Website Visitors 30d,AD - Dynamic Product,active,12531,8848,187,1.49,3.05,45.48,569.87,8,71.23,4.49
2026-06-29,2026-06-29,Push - Wireless Earbuds,AS - Gadget Interest 18-34,AD - Earbuds Reels,active,28273,18848,373,1.32,3.14,41.43,1171.26,13,90.10,7.66
2026-06-29,2026-06-29,Gift Set Bundle,AS - Gifting Season TH,AD - Bundle Static,active,20150,13258,380,1.89,3.27,61.71,1243.52,15,82.90,14.35
2026-06-30,2026-06-30,Summer Sale - Skincare,AS - Skincare Broad TH 25-44,AD - Serum Carousel,active,40889,26833,785,1.92,3.17,60.83,2487.13,44,56.53,10.44
2026-06-30,2026-06-30,Always On - Supplements,AS - Collagen Lookalike 1%,AD - Collagen Video,active,20744,13963,271,1.31,2.70,35.30,732.25,11,66.57,13.37
2026-06-30,2026-06-30,Retargeting - All Products,AS - Website Visitors 30d,AD - Dynamic Product,active,11516,7941,186,1.62,2.74,44.29,510.09,8,63.76,5.02
2026-06-30,2026-06-30,Push - Wireless Earbuds,AS - Gadget Interest 18-34,AD - Earbuds Reels,active,35634,24022,497,1.39,2.64,36.80,1311.45,18,72.86,9.47
2026-06-30,2026-06-30,Gift Set Bundle,AS - Gifting Season TH,AD - Bundle Static,active,21026,14316,395,1.88,2.95,55.34,1163.55,19,61.24,19.43
2026-07-01,2026-07-01,Summer Sale - Skincare,AS - Skincare Broad TH 25-44,AD - Serum Carousel,active,38873,26173,600,1.54,2.69,41.55,1615.33,20,80.77,7.30
2026-07-01,2026-07-01,Always On - Supplements,AS - Collagen Lookalike 1%,AD - Collagen Video,active,23814,15301,439,1.84,2.66,49.04,1167.76,16,72.99,12.19
2026-07-01,2026-07-01,Retargeting - All Products,AS - Website Visitors 30d,AD - Dynamic Product,active,12118,7804,166,1.37,3.29,45.01,545.38,7,77.91,4.11
2026-07-01,2026-07-01,Push - Wireless Earbuds,AS - Gadget Interest 18-34,AD - Earbuds Reels,active,33858,23332,650,1.92,2.84,54.51,1845.46,29,63.64,10.84
2026-07-01,2026-07-01,Gift Set Bundle,AS - Gifting Season TH,AD - Bundle Static,active,20119,14495,296,1.47,3.23,47.55,956.67,14,68.33,17.41
2026-07-02,2026-07-02,Summer Sale - Skincare,AS - Skincare Broad TH 25-44,AD - Serum Carousel,active,46451,33342,750,1.61,3.19,51.47,2390.84,26,91.96,6.42
2026-07-02,2026-07-02,Always On - Supplements,AS - Collagen Lookalike 1%,AD - Collagen Video,active,21847,15194,384,1.76,2.90,50.92,1112.45,14,79.46,11.20
2026-07-02,2026-07-02,Retargeting - All Products,AS - Website Visitors 30d,AD - Dynamic Product,active,14426,9520,207,1.43,2.98,42.79,617.24,9,68.58,4.67
2026-07-02,2026-07-02,Push - Wireless Earbuds,AS - Gadget Interest 18-34,AD - Earbuds Reels,active,28841,19797,531,1.84,2.85,52.47,1513.17,26,58.20,11.86
2026-07-02,2026-07-02,Gift Set Bundle,AS - Gifting Season TH,AD - Bundle Static,active,16678,12008,229,1.37,3.26,44.79,747.05,8,93.38,12.74
2026-07-03,2026-07-03,Summer Sale - Skincare,AS - Skincare Broad TH 25-44,AD - Serum Carousel,active,52053,34977,961,1.85,2.89,53.28,2773.47,55,50.43,11.70
2026-07-03,2026-07-03,Always On - Supplements,AS - Collagen Lookalike 1%,AD - Collagen Video,active,28144,18320,541,1.92,3.18,61.07,1718.87,30,57.30,15.53
2026-07-03,2026-07-03,Retargeting - All Products,AS - Website Visitors 30d,AD - Dynamic Product,active,15133,10138,295,1.95,3.02,58.87,890.89,14,63.63,5.03
2026-07-03,2026-07-03,Push - Wireless Earbuds,AS - Gadget Interest 18-34,AD - Earbuds Reels,active,31795,20970,473,1.49,3.25,48.41,1539.29,19,81.02,8.52
2026-07-03,2026-07-03,Gift Set Bundle,AS - Gifting Season TH,AD - Bundle Static,active,21168,15067,386,1.82,2.97,54.07,1144.58,14,81.76,14.56
2026-07-04,2026-07-04,Summer Sale - Skincare,AS - Skincare Broad TH 25-44,AD - Serum Carousel,active,68539,46681,909,1.33,2.89,38.28,2623.93,41,64.00,9.22
2026-07-04,2026-07-04,Always On - Supplements,AS - Collagen Lookalike 1%,AD - Collagen Video,active,30430,19516,410,1.35,3.44,46.28,1408.38,21,67.07,13.27
2026-07-04,2026-07-04,Retargeting - All Products,AS - Website Visitors 30d,AD - Dynamic Product,active,18456,12865,326,1.77,3.21,56.76,1047.58,18,58.20,5.50
2026-07-04,2026-07-04,Push - Wireless Earbuds,AS - Gadget Interest 18-34,AD - Earbuds Reels,active,36037,23043,565,1.57,3.06,47.99,1729.54,18,96.09,7.18
2026-07-04,2026-07-04,Gift Set Bundle,AS - Gifting Season TH,AD - Bundle Static,active,22852,15498,422,1.85,3.51,64.83,1481.47,20,74.07,16.07
2026-07-05,2026-07-05,Summer Sale - Skincare,AS - Skincare Broad TH 25-44,AD - Serum Carousel,active,65805,45784,875,1.33,3.08,41.01,2698.96,30,89.97,6.56
2026-07-05,2026-07-05,Always On - Supplements,AS - Collagen Lookalike 1%,AD - Collagen Video,active,38829,26699,569,1.47,3.34,48.99,1902.36,22,86.47,10.29
2026-07-05,2026-07-05,Retargeting - All Products,AS - Website Visitors 30d,AD - Dynamic Product,active,19268,12893,308,1.60,2.77,44.30,853.52,17,50.21,6.37
2026-07-05,2026-07-05,Push - Wireless Earbuds,AS - Gadget Interest 18-34,AD - Earbuds Reels,active,46504,33153,703,1.51,3.41,51.59,2398.98,23,104.30,6.62
2026-07-05,2026-07-05,Gift Set Bundle,AS - Gifting Season TH,AD - Bundle Static,active,27194,17653,496,1.82,3.11,56.64,1540.37,27,57.05,20.86
2026-07-06,2026-07-06,Summer Sale - Skincare,AS - Skincare Broad TH 25-44,AD - Serum Carousel,active,45579,30168,645,1.42,3.08,43.59,1986.98,21,94.62,6.24
2026-07-06,2026-07-06,Always On - Supplements,AS - Collagen Lookalike 1%,AD - Collagen Video,active,27562,18923,502,1.82,2.99,54.38,1498.84,22,68.13,13.06
2026-07-06,2026-07-06,Retargeting - All Products,AS - Website Visitors 30d,AD - Dynamic Product,active,15602,10810,225,1.44,3.00,43.30,675.57,9,75.06,4.26
2026-07-06,2026-07-06,Push - Wireless Earbuds,AS - Gadget Interest 18-34,AD - Earbuds Reels,active,28006,18687,414,1.48,3.16,46.75,1309.19,15,87.28,7.91
2026-07-06,2026-07-06,Gift Set Bundle,AS - Gifting Season TH,AD - Bundle Static,active,18575,12779,299,1.61,3.11,50.05,929.77,10,92.98,12.80
2026-07-07,2026-07-07,Summer Sale - Skincare,AS - Skincare Broad TH 25-44,AD - Serum Carousel,active,52130,34750,931,1.79,3.28,58.52,3050.78,35,87.17,6.77
2026-07-07,2026-07-07,Always On - Supplements,AS - Collagen Lookalike 1%,AD - Collagen Video,active,30150,21709,555,1.84,3.29,60.48,1823.53,18,101.31,8.79
2026-07-07,2026-07-07,Retargeting - All Products,AS - Website Visitors 30d,AD - Dynamic Product,active,13095,8941,244,1.86,2.88,53.67,702.79,10,70.28,4.55
2026-07-07,2026-07-07,Push - Wireless Earbuds,AS - Gadget Interest 18-34,AD - Earbuds Reels,active,32266,23181,539,1.67,3.15,52.59,1696.78,22,77.13,8.95
2026-07-07,2026-07-07,Gift Set Bundle,AS - Gifting Season TH,AD - Bundle Static,active,16227,10887,307,1.89,3.43,64.81,1051.74,16,65.73,18.10
2026-07-08,2026-07-08,Summer Sale - Skincare,AS - Skincare Broad TH 25-44,AD - Serum Carousel,active,52735,34503,1010,1.92,3.02,57.81,3048.83,38,80.23,7.35
2026-07-08,2026-07-08,Always On - Supplements,AS - Collagen Lookalike 1%,AD - Collagen Video,active,23818,15570,412,1.73,3.19,55.11,1312.67,19,69.09,12.88
2026-07-08,2026-07-08,Retargeting - All Products,AS - Website Visitors 30d,AD - Dynamic Product,active,15061,10633,283,1.88,3.23,60.62,913.03,10,91.30,3.50
2026-07-08,2026-07-08,Push - Wireless Earbuds,AS - Gadget Interest 18-34,AD - Earbuds Reels,active,33082,22668,424,1.28,3.28,42.01,1389.87,24,57.91,11.91
2026-07-08,2026-07-08,Gift Set Bundle,AS - Gifting Season TH,AD - Bundle Static,active,22377,14753,303,1.35,2.65,35.83,801.72,17,47.16,25.23
2026-07-09,2026-07-09,Summer Sale - Skincare,AS - Skincare Broad TH 25-44,AD - Serum Carousel,active,42780,28469,622,1.45,2.94,42.80,1831.07,36,50.86,11.60
2026-07-09,2026-07-09,Always On - Supplements,AS - Collagen Lookalike 1%,AD - Collagen Video,active,27647,18738,484,1.75,2.73,47.74,1319.94,20,66.00,13.49
2026-07-09,2026-07-09,Retargeting - All Products,AS - Website Visitors 30d,AD - Dynamic Product,active,15393,10606,265,1.72,2.69,46.29,712.52,10,71.25,4.49
2026-07-09,2026-07-09,Push - Wireless Earbuds,AS - Gadget Interest 18-34,AD - Earbuds Reels,active,29196,19836,380,1.30,3.46,45.01,1314.20,12,109.52,6.30
2026-07-09,2026-07-09,Gift Set Bundle,AS - Gifting Season TH,AD - Bundle Static,active,20387,13932,385,1.89,3.29,62.12,1266.38,14,90.46,13.16
2026-07-10,2026-07-10,Summer Sale - Skincare,AS - Skincare Broad TH 25-44,AD - Serum Carousel,active,44545,28553,680,1.53,2.76,42.20,1879.59,23,81.72,7.22
2026-07-10,2026-07-10,Always On - Supplements,AS - Collagen Lookalike 1%,AD - Collagen Video,active,27928,19404,408,1.46,3.33,48.63,1358.26,18,75.46,11.79
2026-07-10,2026-07-10,Retargeting - All Products,AS - Website Visitors 30d,AD - Dynamic Product,active,15135,9901,261,1.72,2.68,46.13,698.21,15,46.55,6.87
2026-07-10,2026-07-10,Push - Wireless Earbuds,AS - Gadget Interest 18-34,AD - Earbuds Reels,active,29351,19193,516,1.76,2.83,49.82,1462.33,19,76.96,8.97
2026-07-10,2026-07-10,Gift Set Bundle,AS - Gifting Season TH,AD - Bundle Static,active,22317,14951,288,1.29,3.09,39.86,889.60,9,98.84,12.04
2026-07-11,2026-07-11,Summer Sale - Skincare,AS - Skincare Broad TH 25-44,AD - Serum Carousel,active,61433,42502,1058,1.72,3.33,57.29,3519.64,43,81.85,7.21
2026-07-11,2026-07-11,Always On - Supplements,AS - Collagen Lookalike 1%,AD - Collagen Video,active,29080,20861,510,1.75,3.17,55.55,1615.29,27,59.83,14.88
2026-07-11,2026-07-11,Retargeting - All Products,AS - Website Visitors 30d,AD - Dynamic Product,active,20352,14211,366,1.80,3.36,60.39,1229.12,12,102.43,3.12
2026-07-11,2026-07-11,Push - Wireless Earbuds,AS - Gadget Interest 18-34,AD - Earbuds Reels,active,42611,29978,757,1.78,3.14,55.85,2379.77,25,95.19,7.25
2026-07-11,2026-07-11,Gift Set Bundle,AS - Gifting Season TH,AD - Bundle Static,active,28930,20781,409,1.41,3.45,48.79,1411.62,20,70.58,16.86
2026-07-12,2026-07-12,Summer Sale - Skincare,AS - Skincare Broad TH 25-44,AD - Serum Carousel,active,73249,51261,1029,1.40,2.76,38.77,2840.12,55,51.64,11.43
2026-07-12,2026-07-12,Always On - Supplements,AS - Collagen Lookalike 1%,AD - Collagen Video,active,38958,25331,692,1.78,2.89,51.32,1999.31,27,74.05,12.02
2026-07-12,2026-07-12,Retargeting - All Products,AS - Website Visitors 30d,AD - Dynamic Product,active,19937,14326,286,1.43,2.79,39.97,796.96,14,56.93,5.62
2026-07-12,2026-07-12,Push - Wireless Earbuds,AS - Gadget Interest 18-34,AD - Earbuds Reels,active,40699,29297,667,1.64,2.99,48.92,1991.02,23,86.57,7.97
2026-07-12,2026-07-12,Gift Set Bundle,AS - Gifting Season TH,AD - Bundle Static,active,23723,15218,420,1.77,2.97,52.50,1245.50,15,83.03,14.33
2026-07-13,2026-07-13,Summer Sale - Skincare,AS - Skincare Broad TH 25-44,AD - Serum Carousel,active,43346,29216,800,1.85,2.64,48.73,2112.33,44,48.01,12.29
2026-07-13,2026-07-13,Always On - Supplements,AS - Collagen Lookalike 1%,AD - Collagen Video,active,27776,18000,445,1.60,3.34,53.54,1487.14,18,82.62,10.77
2026-07-13,2026-07-13,Retargeting - All Products,AS - Website Visitors 30d,AD - Dynamic Product,active,18584,12947,346,1.86,3.06,57.00,1059.27,14,75.66,4.23
2026-07-13,2026-07-13,Push - Wireless Earbuds,AS - Gadget Interest 18-34,AD - Earbuds Reels,active,31933,22843,416,1.30,3.00,39.11,1248.94,24,52.04,13.26
2026-07-13,2026-07-13,Gift Set Bundle,AS - Gifting Season TH,AD - Bundle Static,active,20722,13769,359,1.73,2.96,51.34,1063.79,16,66.49,17.90
2026-07-14,2026-07-14,Summer Sale - Skincare,AS - Skincare Broad TH 25-44,AD - Serum Carousel,active,47340,34044,731,1.54,3.33,51.38,2432.47,37,65.74,8.97
2026-07-14,2026-07-14,Always On - Supplements,AS - Collagen Lookalike 1%,AD - Collagen Video,active,32467,22996,596,1.84,2.69,49.44,1605.02,31,51.77,17.19
2026-07-14,2026-07-14,Retargeting - All Products,AS - Website Visitors 30d,AD - Dynamic Product,active,15843,11333,207,1.31,2.83,37.01,586.34,11,53.30,6.00
2026-07-14,2026-07-14,Push - Wireless Earbuds,AS - Gadget Interest 18-34,AD - Earbuds Reels,active,41842,28851,534,1.28,2.86,36.44,1524.78,20,76.24,9.05
2026-07-14,2026-07-14,Gift Set Bundle,AS - Gifting Season TH,AD - Bundle Static,active,22211,15416,288,1.30,3.01,39.01,866.51,12,72.21,16.48
2026-07-15,2026-07-15,Summer Sale - Skincare,AS - Skincare Broad TH 25-44,AD - Serum Carousel,active,45212,29136,643,1.42,3.12,44.37,2005.86,21,95.52,6.18
2026-07-15,2026-07-15,Always On - Supplements,AS - Collagen Lookalike 1%,AD - Collagen Video,active,26683,17710,481,1.80,3.26,58.80,1568.95,16,98.06,9.08
2026-07-15,2026-07-15,Retargeting - All Products,AS - Website Visitors 30d,AD - Dynamic Product,active,14884,9872,230,1.55,3.30,51.01,759.27,10,75.93,4.21
2026-07-15,2026-07-15,Push - Wireless Earbuds,AS - Gadget Interest 18-34,AD - Earbuds Reels,active,43115,29666,569,1.32,2.81,37.04,1596.85,25,63.87,10.80
2026-07-15,2026-07-15,Gift Set Bundle,AS - Gifting Season TH,AD - Bundle Static,active,23582,16405,416,1.76,3.03,53.42,1259.74,23,54.77,21.73
2026-07-16,2026-07-16,Summer Sale - Skincare,AS - Skincare Broad TH 25-44,AD - Serum Carousel,active,61693,39826,1060,1.72,2.99,51.34,3167.11,41,77.25,7.64
2026-07-16,2026-07-16,Always On - Supplements,AS - Collagen Lookalike 1%,AD - Collagen Video,active,30091,20580,576,1.91,3.22,61.69,1856.20,25,74.25,11.99
2026-07-16,2026-07-16,Retargeting - All Products,AS - Website Visitors 30d,AD - Dynamic Product,active,16628,11100,266,1.60,3.45,55.22,918.19,15,61.21,5.23
2026-07-16,2026-07-16,Push - Wireless Earbuds,AS - Gadget Interest 18-34,AD - Earbuds Reels,active,35295,23529,449,1.27,3.03,38.52,1359.49,26,52.29,13.20
2026-07-16,2026-07-16,Gift Set Bundle,AS - Gifting Season TH,AD - Bundle Static,active,22298,15872,418,1.87,2.98,55.84,1245.15,17,73.24,16.25
2026-07-17,2026-07-17,Summer Sale - Skincare,AS - Skincare Broad TH 25-44,AD - Serum Carousel,active,50058,35352,976,1.95,2.87,55.94,2800.28,56,50.01,11.80
2026-07-17,2026-07-17,Always On - Supplements,AS - Collagen Lookalike 1%,AD - Collagen Video,active,28836,19879,377,1.31,3.33,43.53,1255.33,17,73.84,12.05
2026-07-17,2026-07-17,Retargeting - All Products,AS - Website Visitors 30d,AD - Dynamic Product,active,15716,11262,217,1.38,3.27,45.11,708.98,10,70.90,4.51
2026-07-17,2026-07-17,Push - Wireless Earbuds,AS - Gadget Interest 18-34,AD - Earbuds Reels,active,41487,28454,717,1.73,3.15,54.46,2259.54,42,53.80,12.83
2026-07-17,2026-07-17,Gift Set Bundle,AS - Gifting Season TH,AD - Bundle Static,active,18327,12437,321,1.75,3.38,59.19,1084.85,13,83.45,14.26
2026-07-18,2026-07-18,Summer Sale - Skincare,AS - Skincare Broad TH 25-44,AD - Serum Carousel,active,70516,50786,994,1.41,3.11,43.79,3087.75,38,81.26,7.26
2026-07-18,2026-07-18,Always On - Supplements,AS - Collagen Lookalike 1%,AD - Collagen Video,active,43869,29764,822,1.87,3.04,56.90,2496.31,38,65.69,13.55
2026-07-18,2026-07-18,Retargeting - All Products,AS - Website Visitors 30d,AD - Dynamic Product,active,19492,13784,251,1.29,3.26,42.01,818.88,12,68.24,4.69
2026-07-18,2026-07-18,Push - Wireless Earbuds,AS - Gadget Interest 18-34,AD - Earbuds Reels,active,56255,40005,819,1.46,3.48,50.60,2846.29,40,71.16,9.70
2026-07-18,2026-07-18,Gift Set Bundle,AS - Gifting Season TH,AD - Bundle Static,active,29997,20579,463,1.54,3.45,53.27,1598.08,21,76.10,15.64
2026-07-19,2026-07-19,Summer Sale - Skincare,AS - Skincare Broad TH 25-44,AD - Serum Carousel,active,74865,52620,1361,1.82,2.79,50.65,3792.19,79,48.00,12.29
2026-07-19,2026-07-19,Always On - Supplements,AS - Collagen Lookalike 1%,AD - Collagen Video,active,39556,28307,567,1.43,3.32,47.54,1880.51,27,69.65,12.78
2026-07-19,2026-07-19,Retargeting - All Products,AS - Website Visitors 30d,AD - Dynamic Product,active,19890,14136,252,1.27,2.88,36.54,726.86,10,72.69,4.40
2026-07-19,2026-07-19,Push - Wireless Earbuds,AS - Gadget Interest 18-34,AD - Earbuds Reels,active,50909,35370,974,1.91,2.91,55.73,2837.16,48,59.11,11.67
2026-07-19,2026-07-19,Gift Set Bundle,AS - Gifting Season TH,AD - Bundle Static,active,28646,20066,486,1.70,2.73,46.35,1327.67,24,55.32,21.51
2026-07-20,2026-07-20,Summer Sale - Skincare,AS - Skincare Broad TH 25-44,AD - Serum Carousel,active,47486,30913,774,1.63,2.76,45.04,2138.60,38,56.28,10.48
2026-07-20,2026-07-20,Always On - Supplements,AS - Collagen Lookalike 1%,AD - Collagen Video,active,25956,18144,431,1.66,3.48,57.71,1497.84,23,65.12,13.67
2026-07-20,2026-07-20,Retargeting - All Products,AS - Website Visitors 30d,AD - Dynamic Product,active,14043,9730,271,1.93,3.32,64.06,899.61,11,81.78,3.91
2026-07-20,2026-07-20,Push - Wireless Earbuds,AS - Gadget Interest 18-34,AD - Earbuds Reels,active,45308,29219,882,1.95,3.04,59.22,2683.15,42,63.88,10.80
2026-07-20,2026-07-20,Gift Set Bundle,AS - Gifting Season TH,AD - Bundle Static,active,24162,16788,356,1.47,3.48,51.25,1238.30,18,68.79,17.30
2026-07-21,2026-07-21,Summer Sale - Skincare,AS - Skincare Broad TH 25-44,AD - Serum Carousel,active,47558,31348,787,1.65,3.37,55.82,2654.80,31,85.64,6.89
2026-07-21,2026-07-21,Always On - Supplements,AS - Collagen Lookalike 1%,AD - Collagen Video,active,35756,25694,474,1.33,2.73,36.17,1293.18,16,80.82,11.01
2026-07-21,2026-07-21,Retargeting - All Products,AS - Website Visitors 30d,AD - Dynamic Product,active,15311,10937,248,1.62,3.42,55.45,849.03,11,77.18,4.15
2026-07-21,2026-07-21,Push - Wireless Earbuds,AS - Gadget Interest 18-34,AD - Earbuds Reels,active,38731,25586,638,1.65,3.44,56.63,2193.23,36,60.92,11.33
2026-07-21,2026-07-21,Gift Set Bundle,AS - Gifting Season TH,AD - Bundle Static,active,22477,15647,314,1.40,2.64,36.84,828.07,11,75.28,15.81
2026-07-22,2026-07-22,Summer Sale - Skincare,AS - Skincare Broad TH 25-44,AD - Serum Carousel,active,47681,30899,615,1.29,2.74,35.40,1688.10,31,54.45,10.83
2026-07-22,2026-07-22,Always On - Supplements,AS - Collagen Lookalike 1%,AD - Collagen Video,active,36974,25666,545,1.47,3.27,48.16,1780.49,19,93.71,9.50
2026-07-22,2026-07-22,Retargeting - All Products,AS - Website Visitors 30d,AD - Dynamic Product,active,18663,12468,241,1.29,3.20,41.27,770.28,14,55.02,5.82
2026-07-22,2026-07-22,Push - Wireless Earbuds,AS - Gadget Interest 18-34,AD - Earbuds Reels,active,35711,25042,493,1.38,3.53,48.73,1740.20,19,91.59,7.53
2026-07-22,2026-07-22,Gift Set Bundle,AS - Gifting Season TH,AD - Bundle Static,active,27182,18942,510,1.88,3.54,66.33,1803.02,26,69.35,17.16
2026-07-23,2026-07-23,Summer Sale - Skincare,AS - Skincare Broad TH 25-44,AD - Serum Carousel,active,58047,40085,1008,1.74,3.14,54.44,3160.24,41,77.08,7.65
2026-07-23,2026-07-23,Always On - Supplements,AS - Collagen Lookalike 1%,AD - Collagen Video,active,27329,19199,432,1.58,3.53,55.82,1525.64,25,61.03,14.58
2026-07-23,2026-07-23,Retargeting - All Products,AS - Website Visitors 30d,AD - Dynamic Product,active,18163,12343,274,1.51,2.94,44.38,806.11,14,57.58,5.56
2026-07-23,2026-07-23,Push - Wireless Earbuds,AS - Gadget Interest 18-34,AD - Earbuds Reels,active,35349,24355,654,1.85,2.75,50.83,1796.81,34,52.85,13.06
2026-07-23,2026-07-23,Gift Set Bundle,AS - Gifting Season TH,AD - Bundle Static,active,25703,17607,392,1.53,3.14,47.86,1230.14,16,76.88,15.48
